title,currency,price,discount,rating,reviews
[ORIGINAL] Kojic Papaya Soap with Vitamin C by Love Soaps Whitening Soap,₱,14.68,-96%,4.7,1160
Fabsapparelshop new Dry fit casual shorts for men 26-34 in waisteline,₱,75.00,,4.8,282
UV Sun & Rain Folding Umbrella Automatic or Manual Compact & Durable 6 Color Options,₱,85.00,-14%,4.9,2201
『BUY 1 TAKE 1』Victoria's Fleur perfume new package victoria secret Baby Fragrance Mist vf PERFUMES BODY MIST 236ml,₱,81.32,-59%,4.9,10482
"HP-01 Rechargeable LED flashlight for camping, waterproof, compact, drop-proof, small, 5 modes",₱,48.90,-71%,4.8,499
Dri fit T-SHIRT high quality quick drying gym/basketball/rider/traning running sportswear unisex,₱,99.00,-34%,4.9,15211
Kimp X55 Bluetooth Wireless Headphones Earbuds Ear Hooks Bluetooth Earphones Bass Noise Reduction Earbuds HiFi Stereo Headsets,₱,56.00,-57%,4.8,1501
BUY 1 TAKE 1 PURE CLOUD SWEET VANILLA 236ML PERFUME FOR WOMEN,₱,99.00,-51%,4.9,593
Whosale 100 Pcs Ballpen Gel Pen Black Ball Pen 0.5mm bullet school W24,₱,79.79,-73%,4.9,4265
Relo stainless fashion watch for men’s women’s watches,₱,95.00,-92%,4.6,5704
Hilee aesthetic tumbler hot and cold Double Wall Vacuum Flask tumbler hot and cold tumbler,₱,64.03,-42%,4.8,123
Motorcycle Seat Cover leather Anti scrape Sunscreen Insulating Waterproof Universal Motorcycle Seat,₱,59.00,-50%,4.8,224
Bea S/M/L/XL Capacity Folding Waterproof New Travel Luggage Bags bag,₱,100.00,-50%,4.9,2019
OEM Classic slipper fashion casual cork sandals Men and Women unisex slipper on sale,₱,139.00,-37%,4.9,3888
Korean Diamond-studded Mesh Silky Ribbon Bow Hairclip Women Back Head Hair Clamp Fashion Hair Accessories,₱,17.59,-56%,4.9,3754
JRP Motorcycle Universl Handle Grip Bar Eed Free Keychain Motorcycle Handle,₱,85.84,-43%,4.9,468
Korean new elegant thick soled wegde heels sandals for women 5188#,₱,105.07,-47%,4.9,954
Romoss KC12 20000mah powerbank,₱,110.00,-89%,4.5,355
"nanyang,Cheap and affordable slippers,Very soft and thin,Mind purchasing with caution COD slippers Thailand classic rubber flip flops for women and men sale",₱,99.00,-50%,4.7,285
Orthotic Sports Insole Insert Shoe Pad Orthopedic Feet Arch Support Heel Cushion Unisex Foot Care 3color,₱,86.00,-42%,4.9,1925
EQGS Namkwang Seaweed Jaya Buy 1 Take 1 Korean Imported Halal Certified Buy 2 Take 2 Nori Seasoned Sheet,₱,97.30,-51%,5.0,2354
BUY 1 GET 2 (3PCS) Dall Ribbon square neck Top basic top for women Womenswear Casual,₱,59.00,-70%,4.9,673
Tala for you Bracelet 18K Gold Jewelry Women Bracelet Gold Bracelet Can Be Adjustable With Premium Jewelry Gift Box F001- Gold,₱,99.00,-92%,5.0,4462
Brooklyn Korean Baseball Cap Unisex Fashion Cap For Men And Women Outdoor Sumbrero,₱,59.77,-40%,4.9,1654
New Original Canvaus Women Classic Clog in White Sandals One Strip Slippers %100 RUBBER FLIP FLOPS,₱,129.00,-35%,4.9,6736
"Kids Clogs Boy Girl Baby Flat Sandals In Multiple Colour Thick Sole Comfortable Summer Shoes, High-Quality Outdoor Play & Pool Slides",₱,84.32,-72%,5.0,225
Candy Pants Plain for women Strechable / office Wearing Made in china.,₱,160.71,-84%,4.8,39451
MJ Z&C ( BIG ) VICTORIA SECRET VANILLA LACE / BOMBSHELL / PURE SEDUCTION / AMBER ROMANCE / LOVE SPELL 250ml,₱,88.00,-75%,4.9,8744
FEELYO Buy 1 Take 1 Tumbler Hot and Cold 24 Hours Double Wall Vacuum Insulated Stainless Steel Water Bottle,₱,124.00,-88%,4.9,1548
FUN POINT Phone Case Braided Hanging Rope Lanyard Wristband Phone Lanyard Hand Grip Anti-theft,₱,39.00,-34%,4.9,143
12 Pairs/6 Pairs School Student Socks Calf High Cotton Socks For Men and Women,₱,85.00,-46%,5.0,2512
BUY 1 TAKE 3 (3PCS) Hanna Halter Neck Double Lining Full Length Cotton Open Back For Womenswear Backless Minimalist,₱,59.00,-70%,4.6,84
Missu Silver/Gold Plated 5mm/7mm Square Stud Earrings Hypoallergenic Accessories Jewelry Non Tarnish for Men/Women ES019,₱,94.80,-40%,4.9,1111
2pcs Kitchen Carpet Floor Mat Non-slip Thicken Doormat Rugs Kitchen Mats Bathroom Carpets American style carpet,₱,86.19,-61%,4.9,6691
Fast Charging KC58 20000mAh Battery Capacity Power Bank with Multi Cable and Digital LED Display Macaron Powerbank,₱,104.48,-58%,4.6,2583
